name,P,C,G,N,I,I3,J,Mass,Nk,Ik,I3k,Jk,Mk,u,ubar,d,dbar,s,sbar,c,cbar,b,bbar,split,pdgid,archived_width_mev,width_error_positive_mev,width_error_negative_mev,label_type,record_role,alias_of
D_s0^*(2317)+,1,2,2,1.71716370160958,0,0,0,2.317773096,1,1,1,1,1,0,0,0,0,0,1,1,0,0,0,val1,M172,3.80000000101711,0,0,upper_limit,main,
D_s0^*(2317)-,1,2,2,1.71716370160958,0,0,0,2.317773096,1,1,1,1,1,0,0,0,0,1,0,0,1,0,0,val1,M172,3.80000000101711,0,0,upper_limit,main,
D_s1(2460)+,1,2,2,1.82216461183989,0,0,1,2.459499994,1,1,1,1,1,0,0,0,0,0,1,1,0,0,0,val1,M173,3.49999999826621,0,0,upper_limit,main,
D_s1(2460)-,1,2,2,1.82216461183989,0,0,1,2.459499994,1,1,1,1,1,0,0,0,0,1,0,0,1,0,0,val1,M173,3.49999999826621,0,0,upper_limit,main,
chi_c1(3872),1,1,1,2.8683718089745,0,0,1,3.871637283,1,1,1,1,1,0,0,0,0,0,0,1,1,0,0,val1,M176,1.19288034319101,0.214461410150527,0.212127960926075,point,main,
psi(4230),0,0,0,3.12799448065263,0,0,1,4.22206773,1,1,1,1,1,0,0,0,0,0,0,1,1,0,0,val1,M074,48.7914450432332,7.2821291795283,7.14349957639901,point,main,
psi(4360),0,0,0,3.24057676773972,0,0,1,4.37402773,1,1,1,1,1,0,0,0,0,0,0,1,1,0,0,val1,M181,110.560311790186,12.0877402711335,12.3787690873952,point,main,
psi(4660),0,0,0,3.43861134297807,0,0,1,4.641328518,1,1,1,1,1,0,0,0,0,0,0,1,1,0,0,val1,M189,72.6095943731986,12.7110703743977,11.0582405414111,point,main,
eta(1405)0,0,1,1,1.04364638573371,0,0,0,1.408680787,1,1,1,1,1,0.408,0.408,0.408,0.408,0.816,0.816,0,0,0,0,val2,M027,51.7753386498591,2.46834827801418,2.56616053369315,point,main,
f_0(1370)0,1,1,1,1.00017167391132,0,0,0,1.35,1,1,1,1,1,0.707,0.707,0.707,0.707,0,0,0,0,0,0,val2,M147,351.287232037793,150,150,range,main,
f_0(1770)0,1,1,1,1.32183727417272,0,0,0,1.784174024,1,1,1,1,1,0,0,0,0,1,1,0,0,0,0,val2,M264,165.973648685636,20.7344863558122,21.2795017732895,range,main,
f_0(980)0,1,1,1,0.733459227534966,0,0,0,0.99,1,1,1,1,1,0,0,0,0,1,1,0,0,0,0,val2,M003,277.739524435755,45,45,range,main,
f_2(1640)0,1,1,1,1.21440531629622,0,0,2,1.639165775,1,1,1,1,1,0.707,0.707,0.707,0.707,0,0,0,0,0,0,val2,M117,105.70446808786,55.0072709658099,40.9999990454338,range,main,
f_2(1950)0,1,1,1,1.43446388886839,0,0,2,1.936193856,1,1,1,1,1,0.707,0.707,0.707,0.707,0,0,0,0,0,0,val2,M135,450.283609837103,24.2336083935201,23.8581751115929,point,main,
Bbar_s2^*(5840)0,1,2,2,4.32658089209209,0,0,2,5.839881649,1,1,1,1,1,0,0,0,0,0,1,0,0,1,0,val3,M186,1.48930907893498,0.266604795981634,0.266604795981634,point,main,
D_1(2420)+,1,2,2,1.79444260610421,0.5,0.5,1,2.42208171,1,1,1,1,1,0,0,0,1,0,0,1,0,0,0,val3,M253,31.3389199504513,1.93989376648817,1.93151199434055,point,main,
D_2(2740)+,0,2,2,2.03505343895028,0.5,0.5,2,2.74685058,1,1,1,1,1,0,0,0,1,0,0,1,0,0,0,val3,M228,88.4788732343689,19.4352180211727,19.4352180211727,point,main,
D_s0(2590)-,0,2,2,1.91958874600313,0,0,0,2.591,1,1,1,1,1,0,0,0,0,1,0,0,1,0,0,val3,M256,89.0000000238396,20,20,point,main,
D_s1^*(2860)-,0,2,2,2.11814134497219,0,0,1,2.859,1,1,1,1,1,0,0,0,0,1,0,0,1,0,0,val3,M196,158.999999964983,80.3616824114578,80.3616824114578,point,main,
K^*(1410)-,0,2,2,1.04738934374721,0.5,-0.5,1,1.413732913,1,1,1,1,1,0,1,0,0,1,0,0,0,0,0,val3,M094,231.807439762259,21.3823721605396,21.3823721605396,point,main,
K_0^*(1950)0,1,2,2,1.45004203314068,0.5,-0.5,0,1.957220741,1,1,1,1,1,0,0,1,0,0,1,0,0,0,0,val3,M134,172.247364613459,49.9776346249793,49.9776346249793,point,main,
K_2(1580)+,0,2,2,1.17057129242954,0.5,0.5,2,1.58,1,1,1,1,1,1,0,0,0,0,1,0,0,0,0,val3,M039,110.000000022834,11,11,point,main,
K_2(1770)-,0,2,2,1.31357737788889,0.5,-0.5,2,1.773025078,1,1,1,1,1,0,1,0,0,1,0,0,0,0,0,val3,M023,186.132617506849,13.9780282998289,13.9632358217418,point,main,
K_2^*(1430)+,1,2,2,1.05740491323444,0.5,0.5,2,1.427251611,1,1,1,1,1,1,0,0,0,0,1,0,0,0,0,val3,M022,100.036126625285,2.23642814686197,2.17853263272093,point,main,
K_3(2320)-,1,2,2,1.72148066777803,0.5,-0.5,3,2.3236,1,1,1,1,1,0,1,0,0,1,0,0,0,0,0,val3,M090,149.999999985562,30,30,point,main,
Kbar(1830)0,0,2,2,1.38838645697023,0.5,0.5,0,1.874,1,1,1,1,1,0,0,0,1,1,0,0,0,0,0,val3,M088,167.999999932253,90,90,point,main,
Kbar_0^*(700)0,1,2,2,0.625932174817444,0.5,0.5,0,0.844863395,1,1,1,1,1,0,0,0,1,1,0,0,0,0,0,val3,M174,468.187290856898,29.5560906409531,29.790393860134,point,main,
Kbar_3^*(1780)0,0,2,2,1.31796547848939,0.5,0.5,3,1.778947997,1,1,1,1,1,0,0,0,1,1,0,0,0,0,0,val3,M060,161.231793052726,16.7757777591419,17.6873693367903,point,main,
a_0(1710)0,1,1,0,1.26925322693166,1,0,0,1.713197745,1,1,1,1,1,0.707,0.707,0.707,0.707,0,0,0,0,0,0,val3,M263,107.285564546201,14.8250071785797,14.8250071785797,point,main,
a_0(980)-,1,2,0,0.726050548468957,1,-1,0,0.98,1,1,1,1,1,0,1,1,0,0,0,0,0,0,0,val3,M036,75.0000000347767,25,25,point,main,
a_1(1260)0,1,1,0,0.911267525119201,1,0,1,1.23,1,1,1,1,1,0.707,0.707,0.707,0.707,0,0,0,0,0,0,val3,M010,425.000000032123,175,175,point,main,
a_1(1640)+,1,2,0,1.22646486032403,1,1,1,1.655443365,1,1,1,1,1,1,0,0,1,0,0,0,0,0,0,val3,M161,254.41607770628,38.7680261069733,38.0044644472388,point,main,
a_4(1970)0,1,1,0,1.45749190372143,1,0,4,1.96727634,1,1,1,1,1,0.707,0.707,0.707,0.707,0,0,0,0,0,0,val3,M017,323.89389675238,14.5333933159855,18.1001167978534,point,main,
pi_2(1880)-,0,2,0,1.38807873452175,1,-1,2,1.873584646,1,1,1,1,1,0,1,1,0,0,0,0,0,0,0,val3,M185,236.74042719162,33.3171974639905,29.5026580378861,point,main,
rho(1900)-,0,2,1,1.39283166440983,1,-1,1,1.88,1,1,1,1,1,0,1,1,0,0,0,0,0,0,0,val3,M170,69.0000000277891,15,15,point,main,
D_s0^*(2317)+`,1,2,2,1.71716370160958,0,0,0,2.317773096,1,1,1,1,1,1,1,0,0,0,1,1,0,0,0,vale,M172,3.80000000101711,0,0,upper_limit,alternate,D_s0^*(2317)+
D_s0^*(2317)-`,1,2,2,1.71716370160958,0,0,0,2.317773096,1,1,1,1,1,1,1,0,0,1,0,0,1,0,0,vale,M172,3.80000000101711,0,0,upper_limit,alternate,D_s0^*(2317)-
D_s1(2460)+`,1,2,2,1.82216461183989,0,0,1,2.459499994,1,1,1,1,1,1,1,0,0,0,1,1,0,0,0,vale,M173,3.49999999826621,0,0,upper_limit,alternate,D_s1(2460)+
D_s1(2460)-`,1,2,2,1.82216461183989,0,0,1,2.459499994,1,1,1,1,1,1,1,0,0,1,0,0,1,0,0,vale,M173,3.49999999826621,0,0,upper_limit,alternate,D_s1(2460)-
a_0(980)+`,1,2,0,0.726050548468957,1,1,0,0.98,1,1,1,1,1,1,0,0,1,1,1,0,0,0,0,vale,M036,75.0000000347767,25,25,point,alternate,a_0(980)+
a_0(980)-`,1,2,0,0.726050548468957,1,-1,0,0.98,1,1,1,1,1,0,1,1,0,1,1,0,0,0,0,vale,M036,75.0000000347767,25,25,point,alternate,a_0(980)-
a_0(980)0`,1,1,0,0.726050548468957,1,0,0,0.98,1,1,1,1,1,0.707,0.707,0.707,0.707,1,1,0,0,0,0,vale,M036,75.0000000347767,25,25,point,alternate,a_0(980)0
chi_c1(3872)`,1,1,1,2.8683718089745,0,0,1,3.871637283,1,1,1,1,1,0.707,0.707,0.707,0.707,0,0,1,1,0,0,vale,M176,1.19288034319101,0.214461410150527,0.212127960926075,point,alternate,chi_c1(3872)
f_0(980)0`,1,1,1,0.733459227534966,0,0,0,0.99,1,1,1,1,1,0.707,0.707,0.707,0.707,1,1,0,0,0,0,vale,M003,54.9999999872141,45,45,range,alternate,f_0(980)0
psi(4230)`,0,0,0,3.12799448065263,0,0,1,4.22206773,1,1,1,1,1,1,1,0,0,0,0,1,1,0,0,vale,M074,48.7914450432332,7.2821291795283,7.14349957639901,point,alternate,psi(4230)
psi(4360)`,0,0,0,3.24057676773972,0,0,1,4.37402773,1,1,1,1,1,1,1,0,0,0,0,1,1,0,0,vale,M181,118.417418104615,12.0877402711335,12.3787690873952,point,alternate,psi(4360)
psi(4660)`,0,0,0,3.43861134297807,0,0,1,4.641328518,1,1,1,1,1,1,1,0,0,0,0,1,1,0,0,vale,M189,72.6095943731986,12.7110703743977,11.0582405414111,point,alternate,psi(4660)
